<?xml version="1.0" encoding="UTF-8"?>
<window>
    <defaultcontrol always="true">300</defaultcontrol>
    <allowoverlay>no</allowoverlay>
    <controls>
        <!-- Background -->
        <control type="group">
            <posx>210</posx>
            <posy>210</posy>
            <width>1500</width>
            <height>660</height>
            <control type="image">
                <width>1500</width>
                <height>660</height>
                <texture border="20">dialog-bg.png</texture>
            </control>
        </control>

        <!-- Header -->
        <control type="label" id="100">
            <posx>260</posx>
            <posy>250</posy>
            <width>1400</width>
            <height>40</height>
            <font>font13_title</font>
            <textcolor>white</textcolor>
            <label>Getting sources…</label>
        </control>

        <!-- Status lines -->
        <control type="label" id="110">
            <posx>260</posx>
            <posy>300</posy>
            <width>1400</width>
            <height>35</height>
            <font>font12</font>
            <textcolor>white</textcolor>
            <label></label>
        </control>
        <control type="label" id="120">
            <posx>260</posx>
            <posy>340</posy>
            <width>1400</width>
            <height>35</height>
            <font>font12</font>
            <textcolor>white</textcolor>
            <label></label>
        </control>
        <control type="label" id="130">
            <posx>260</posx>
            <posy>380</posy>
            <width>1400</width>
            <height>35</height>
            <font>font12</font>
            <textcolor>white</textcolor>
            <label></label>
        </control>
        <control type="label" id="140">
            <posx>260</posx>
            <posy>420</posy>
            <width>1400</width>
            <height>35</height>
            <font>font12</font>
            <textcolor>white</textcolor>
            <label></label>
        </control>

        <!-- Progress + counts -->
        <control type="progress" id="200">
            <posx>260</posx>
            <posy>470</posy>
            <width>1400</width>
            <height>16</height>
            <info>Container.Progress</info>
        </control>
        <control type="label" id="210">
            <posx>260</posx>
            <posy>500</posy>
            <width>800</width>
            <height>30</height>
            <font>font12</font>
            <textcolor>white</textcolor>
            <label>Found: 0 | Total: 0</label>
        </control>
        <control type="label" id="220">
            <posx>1060</posx>
            <posy>500</posy>
            <width>600</width>
            <height>30</height>
            <font>font12</font>
            <align>right</align>
            <textcolor>white</textcolor>
            <label>Scraper:</label>
        </control>
        <control type="label" id="230">
            <posx>260</posx>
            <posy>540</posy>
            <width>1400</width>
            <height>30</height>
            <font>font12</font>
            <textcolor>white</textcolor>
            <label>Elapsed: 0m 00s</label>
        </control>
        <control type="label" id="240">
            <posx>260</posx>
            <posy>570</posy>
            <width>1400</width>
            <height>30</height>
            <font>font12</font>
            <textcolor>white</textcolor>
        </control>

        <!-- Cancel Button -->
        <control type="button" id="300">
            <posx>1160</posx>
            <posy>590</posy>
            <width>500</width>
            <height>54</height>
            <label>Cancel</label>
            <font>font12_title</font>
        </control>
    </controls>
</window>
