<?xml version="1.0" encoding="UTF-8" standalone="yes"?>
<addon id="repository.asgardrepo" name="[COLOR red]Asgard Repo[/COLOR]" version="0.0.1" provider-name="MrBlamo">
	<extension point="xbmc.addon.repository" name="[COLOR red]Asgard Repo[/COLOR]">
		<dir> minversion="20.90.0" maxversion="22.9.9">
			<info compressed="false">https://raw.githubusercontent.com/theasguard/Repo/master/zips/addons.xml</info>
			<checksum>https://raw.githubusercontent.com/theasguard/Repo/master/zips/addons.xml.md5</checksum>
			<datadir zip="true">https://raw.githubusercontent.com/theasguard/Repo/master/zips/</datadir>
		</dir>
		<dir> minversion="20.90.0" maxversion="22.9.9">
			<info compressed="false">https://raw.githubusercontent.com/jsergio123/zips/master/addons.xml</info>
			<checksum>https://raw.githubusercontent.com/jsergio123/zips/master/addons.xml.md5</checksum>
			<datadir zip="true">https://raw.githubusercontent.com/jsergio123/zips/master/</datadir>
		</dir>
	</extension>
	<extension point="xbmc.addon.metadata">
		<summary>The Official Repo for MrBlamo</summary>
		<description>The Official Repo for MrBlamo</description>
		<platform>all</platform>
		<assets>
			<icon>icon.png</icon>
		</assets>
		<genre>movies,usa</genre>
	</extension>
</addon>